Ticker,Price,ADR,Support,Dist
ABSI,9.18,7.24,E9,2.26
ACN,176.89,4.56,E9,1.25
ACRS,5.78,6.12,E9,0.78
ADBE,264.02,4.59,E9,0.84
ADGM,0.69,21.34,E9,2.96
ADPT,24.74,5.59,E9,0.74
AEIS,330.26,5.84,E9,2.1
AEVA,23.28,10.52,E9,2.55
AFRM,78.35,4.2,E9,2.59
AI,9.93,5.05,E9,0.66
AIR,145.25,4.29,E9,0.69
AIRJ,6.04,10.64,E9,2.61
ALLO,2.05,6.19,E9,2.13
AMBA,82.04,7.13,E9,0.32
AMBP,5.23,4.67,E9,2.91
AMC,2.5,9.0,E9,1.07
AMLX,21.63,6.94,E9,2.54
AMN,34.5,6.24,E9,1.58
ANDG,48.89,5.23,E9,0.76
ANET,198.82,5.03,E9,1.55
ANF,108.13,4.34,E9,1.82
APPS,12.44,9.31,E9,1.0
AQST,4.25,5.62,E9,2.96
ARES,144.02,4.28,E9,2.21
ARLO,14.33,5.06,E9,0.36
ARWR,86.64,4.5,E9,0.18
ARXS,57.28,6.52,E9,1.25
ASAN,9.14,7.12,E9,0.99
ASPN,5.85,8.68,E9,0.05
ASX,39.54,4.97,E9,2.97
ATEC,9.79,4.65,E9,2.19
AUR,6.99,6.5,E9,2.1
AVTR,13.66,4.14,E9,0.71
AVTX,19.59,6.39,E9,1.8
AYA,25.92,5.96,E9,0.41
BAH,77.46,4.16,E9,1.75
BAX,26.73,4.22,E9,0.7
BCRX,9.74,4.66,E9,0.28
BFLY,8.84,8.67,E9,0.38
BHVN,14.64,5.51,E9,1.23
BILL,49.78,4.44,E9,1.93
BJRI,67.95,4.04,E9,0.39
BL,30.53,5.24,E9,1.49
BLKB,45.25,6.28,E9,1.67
BLMN,10.55,5.56,E9,0.29
BLTE,162.8,4.11,E9,1.3
BLZE,19.02,9.59,E9,2.97
BMNR,18.08,6.26,E9,0.22
BOBS,18.92,5.4,E9,2.99
BOOT,163.32,4.15,E9,0.58
BSY,36.24,4.57,E9,1.27
BVN,33.74,4.08,E9,0.72
BVS,14.26,5.52,E9,2.71
CAMT,165.38,6.43,E9,2.59
CARG,37.44,4.05,E9,0.95
CBRL,57.92,4.37,E9,0.98
CCC,6.97,5.16,E9,2.63
CDNA,45.32,5.03,E9,0.7
CDRE,34.14,5.12,E9,2.86
CDW,139.42,5.18,E9,0.1
CERT,8.0,5.24,E9,0.17
CGON,75.03,4.71,E9,0.34
CHEF,109.08,4.54,E9,0.04
CHTR,154.27,5.08,E9,1.42
CLDX,41.95,4.45,E9,0.1
CLF,11.9,5.44,E9,1.47
CMCO,19.25,6.7,E9,0.43
CMPS,13.45,5.99,E9,1.98
CNC,67.47,4.4,E9,2.4
CNMD,50.41,4.36,E9,2.42
COHR,325.83,9.55,E9,0.28
COKE,189.11,4.15,E9,0.86
COMP,13.02,4.97,E9,2.79
COTY,2.85,4.83,E9,2.09
COUR,5.78,4.74,E9,0.92
CRK,14.06,4.39,E9,2.33
CRM,196.21,4.03,E9,1.39
CRVS,14.89,5.53,E9,2.92
CRWD,216.95,4.43,E9,0.75
CSTL,29.62,5.4,E9,2.2
CSW,345.15,4.65,E9,1.3
CTSH,58.79,4.79,E9,2.54
CVSA,132.01,5.66,E9,1.79
CXM,6.89,4.25,E9,1.82
CXW,32.82,4.91,E9,1.55
CYCU,0.69,47.56,E9,2.1
DASH,217.02,4.16,E9,2.99
DFIN,48.99,4.83,E9,1.06
DK,65.47,5.31,E9,1.6
DMRA,31.04,6.53,E9,2.15
DNN,3.23,5.03,E9,1.39
DOCS,24.8,7.25,E9,0.97
DOMO,3.91,6.55,E9,0.54
DRUG,76.44,4.85,E9,0.17
DSGX,77.24,4.1,E9,0.26
DUOL,132.83,6.62,E9,0.12
DXC,10.79,5.23,E9,0.69
DYN,25.7,5.31,E9,0.92
EFOR,31.67,6.78,E9,1.04
ELF,91.44,5.31,E9,0.32
ELVN,58.82,5.28,E9,0.95
ENR,22.76,4.54,E9,2.15
ENSC,0.4,20.62,E9,2.34
ENTX,2.89,12.56,E9,0.46
EPAM,100.5,5.43,E9,0.06
EPC,28.42,4.55,E9,0.23
EQPT,20.63,7.14,E9,1.8
ERAS,18.38,6.4,E9,0.37
ERIE,255.99,4.06,E9,1.49
ERO,33.8,4.75,E9,1.7
EWTX,44.17,5.58,E9,1.63
EXLS,34.81,4.23,E9,1.33
FA,21.58,5.23,E9,1.04
FBRX,76.83,4.15,E9,1.78
FCUV,5.62,26.12,E21,0.6
FIG,25.42,7.82,E9,1.6
FLR,52.37,4.41,E9,0.57
FND,58.57,4.77,E9,0.64
FOXF,21.02,5.49,E9,1.91
FTNT,160.01,4.32,E9,0.18
FWRG,12.72,4.94,E9,1.17
GDDY,94.91,5.23,E9,1.36
GDYN,7.75,5.84,E9,2.72
GEO,31.22,4.17,E9,0.84
GERN,1.47,7.04,E9,0.24
GHRS,29.49,5.95,E9,0.97
GKOS,184.53,4.21,E9,2.55
GLOB,37.38,6.37,E9,1.86
GSHD,66.29,6.62,E9,0.96
GTES,27.76,4.38,E9,0.22
GTM,4.05,7.2,E9,2.18
GWRE,175.59,5.27,E9,2.81
HBM,26.69,4.53,E9,1.12
HELE,30.22,4.68,E9,2.47
HLNE,104.24,4.14,E9,2.73
HNGE,88.49,5.53,E9,2.98
HNST,4.84,5.44,E9,0.4
HOV,134.05,4.34,E9,0.43
HPQ,30.11,4.76,E9,2.47
HRMY,38.12,4.0,E9,0.58
HUBS,224.14,7.65,E9,0.13
HUM,389.05,4.61,E9,1.85
HURN,151.87,5.85,E9,0.91
IBP,240.23,4.68,E9,0.2
IESC,756.18,6.51,E9,2.0
INSP,57.1,4.4,E9,1.01
IOT,39.79,5.79,E9,0.82
IRON,78.84,4.11,E9,0.03
IRTC,126.44,5.03,E9,1.86
IT,181.09,6.05,E9,0.92
ITRI,101.56,4.03,E9,0.2
JACK,17.03,7.79,E21,1.42
JANX,16.12,4.15,E9,0.02
KAI,334.22,4.68,E9,0.86
KALU,181.73,4.94,E9,0.36
KFRC,58.08,4.29,E9,0.52
KN,38.51,4.46,E9,0.34
KNSA,76.75,4.74,E9,0.39
KOS,2.54,5.44,E9,1.12
KSS,19.21,4.83,E9,0.16
KVYO,18.49,7.85,E9,1.89
KWR,170.72,4.06,E9,1.34
LAD,377.55,4.23,E9,0.46
LAZ,44.64,4.24,E9,1.65
LB,78.69,5.11,E9,1.08
LEU,190.15,6.39,E9,1.9
LGIH,59.8,4.96,E9,2.0
LIND,33.58,4.66,E9,1.11
MANH,197.39,4.68,E9,2.25
MAX,13.17,5.23,E9,0.41
MBC,9.15,4.97,E9,0.18
MBLY,8.92,5.47,E9,2.31
MBX,68.57,7.12,E9,2.68
MGRX,0.53,25.78,E9,1.88
MLAB,106.04,5.05,E9,0.61
MMYT,60.42,4.42,E9,0.57
MNDY,87.52,6.54,E9,1.45
MNPR,113.04,6.59,E9,0.83
MPTI,88.54,6.87,E9,3.0
MPWR,1402.01,5.22,E9,1.45
MRCY,111.12,5.28,E9,2.24
MUX,18.8,4.57,E9,0.41
MYE,33.0,4.24,E9,0.56
NAVI,9.17,4.37,E9,2.45
NAVN,29.25,5.92,E9,2.37
NB,5.11,6.62,E9,0.6
NEO,15.94,4.81,E9,0.84
NEOG,11.65,4.64,E9,1.66
NET,315.78,5.62,E9,2.98
NHC,223.59,4.24,E9,1.35
NICE,102.26,4.41,E9,0.92
NKTR,73.02,4.34,E9,0.95
NOVT,166.58,4.21,E9,2.48
NOW,124.0,5.52,E9,1.24
NP,31.71,5.44,E9,0.04
NPO,343.34,4.64,E9,2.31
NSP,52.2,5.29,E9,0.71
NUAI,5.07,10.92,E9,0.09
NVCR,16.95,5.84,E9,0.14
NVEC,121.25,8.11,E9,1.15
NXE,10.39,4.01,E9,1.59
OKTA,147.43,4.46,E9,0.44
ONDS,9.24,8.62,E9,2.21
ORCL,150.52,5.09,E9,2.2
OTEX,24.54,4.08,E9,0.59
PANW,384.27,4.29,E9,2.39
PCTY,148.28,4.68,E9,1.31
PCVX,58.07,4.16,E9,0.24
PEGA,32.32,4.81,E9,0.47
PHVS,35.14,5.29,E9,1.5
PI,172.65,6.18,E9,0.79
PKE,38.2,4.95,E9,2.72
PLXS,267.41,4.92,E9,0.28
PONY,8.14,4.75,E9,0.12
PRAX,366.81,5.53,E9,2.47
PRGS,43.73,4.01,E9,1.66
PSNL,14.04,5.98,E9,1.07
PVLA,156.13,7.27,E9,1.66
PWP,17.38,5.18,E9,0.81
Q,142.3,4.27,E9,2.46
QLYS,186.05,5.96,E9,2.79
QTWO,64.73,4.64,E9,2.15
QUBT,9.01,5.65,E9,1.87
RAPP,47.42,5.61,E9,2.69
RCUS,29.48,4.95,E9,2.58
RDVT,69.78,5.09,E9,0.92
RH,181.76,5.51,E9,0.42
RLAY,19.86,4.94,E9,0.53
ROCK,47.88,5.02,E9,1.48
RYTM,115.48,4.8,E9,1.84
RYZ,28.94,4.71,E9,1.91
RZLV,2.67,5.05,E9,0.67
SBET,6.26,5.46,E9,0.05
SBH,16.42,4.61,E9,0.34
SDGR,17.59,4.51,E9,0.63
SII,116.77,4.49,E9,1.25
SNAP,5.41,4.71,E9,2.63
SNOW,328.92,4.66,E9,1.35
SOFI,18.29,4.14,E9,1.39
SONO,16.31,5.44,E9,2.85
SPHR,168.0,5.78,E9,2.44
SPOT,512.82,4.27,E9,2.94
SRRK,52.52,4.76,E9,1.35
STGW,9.12,4.46,E9,0.94
STOK,31.27,5.51,E9,0.18
STRA,82.33,4.01,E9,0.57
SUPN,48.27,4.9,E9,2.29
SVV,10.66,5.61,E21,0.22
SWKS,69.62,4.43,E9,2.24
SXC,9.36,5.27,E9,0.91
SYRE,103.63,5.65,E9,0.7
TEM,52.1,6.45,E9,0.64
TENB,38.33,6.73,E9,2.95
TEX,67.92,4.16,E9,1.66
TGB,8.35,5.73,E9,0.89
TNET,68.75,4.65,E9,1.24
TOST,34.75,4.09,E9,1.13
TPB,87.34,5.15,E9,1.92
TRAX,44.04,9.2,E9,2.1
TREX,49.63,4.81,E9,2.01
TRI,103.61,5.6,E9,0.57
TRMB,57.6,4.06,E9,0.01
TRNS,93.7,5.07,E9,0.45
TRU,80.48,4.09,E9,0.42
TRVI,18.46,5.48,E9,1.65
TTAN,90.4,6.62,E9,2.38
TVTX,62.14,4.52,E9,2.37
TWLO,238.2,5.26,E9,2.39
TWST,118.57,8.23,E9,1.79
TYL,328.64,4.49,E9,2.67
UEC,11.21,4.81,E9,1.96
UPC,5.65,16.97,E9,2.25
UPST,30.43,5.48,E9,1.55
USPH,81.24,4.36,E9,1.02
VERX,12.72,6.08,E9,1.76
VGNT,46.2,4.89,E9,3.0
VOR,23.03,7.38,E9,1.35
VRDN,22.08,4.7,E9,0.28
VSAT,82.87,7.29,E9,0.4
VSTM,6.58,7.05,E9,0.69
VVX,83.0,4.92,E9,0.68
VZLA,3.76,4.57,E9,2.35
W,101.63,5.36,E9,0.16
WAY,24.78,4.74,E9,2.36
WGS,78.08,7.99,E9,2.37
WLDS,2.9,39.29,E21,0.45
WTI,3.67,5.6,E9,1.71
WTTR,20.86,5.16,E9,1.74
XE,20.98,10.52,E9,2.77
XRX,3.1,7.14,E9,1.1
Z,34.78,5.59,E9,1.18
ZG,35.16,5.41,E9,1.31
